<?xml version="1.0" encoding="utf-8"?>
<resources>



	<public type="drawable" name="hkc_draw_splash_bg" id="0x7f020000" />
	<public type="drawable" name="hkc_ic_launcher" id="0x7f020001" />
	<public type="drawable" name="hkc_notify_icon" id="0x7f020002" />

	<public type="id" name="hkc_image" id="0x7f070002" />
	<public type="id" name="hkc_merchants_icon" id="0x7f070003" />
	<public type="id" name="hkc_merchants_subtitle" id="0x7f070005" />
	<public type="id" name="hkc_merchants_title" id="0x7f070004" />
	<public type="id" name="hkc_merchants_webview" id="0x7f070000" />
	<public type="id" name="hkc_webview" id="0x7f070001" />

	<public type="layout" name="hkc_activity_hkcuninstall_moniter" id="0x7f030001" />
	<public type="layout" name="hkc_activity_merchants" id="0x7f030002" />
	<public type="layout" name="hkc_activity_splash" id="0x7f030003" />
	<public type="layout" name="hkc_layout_show_notify" id="0x7f030004" />
	<public type="layout" name="hkc_notification_merchants" id="0x7f030005" />

	<public type="string" name="hkc_app_name" id="0x7f050003" />
	<public type="string" name="hkc_copy_success" id="0x7f050005" />
	<public type="string" name="hkc_title_activity_uninstall_moniter" id="0x7f050004" />

</resources>